rastername,shapefilename,timeanalysisdone,counted,origcounted,cloudfrac,no2
L3_data\S5P_NRTI_L3__NO2____20211218T112745_20211218T113245_21665_02_020301_20211218T124629.nc,nl_10km.shp,2021-12-18T22:04:57.931130,364,2052,0.5909017995308323,9.756251441720772e-05
